Workbook

Sheet Axes
A1: Servo rotation axes - ARM_ASSEMBLY, all joints at 0 deg (arm straight up)
A2: Fusion frame: Y = up, units mm. Blue = measured in CAD. Yellow = depends on an answer still open. Point = centre of horn hub on the axis.
A4: Joint | B4: Name | C4: Servo | D4: Mounted in | E4: Rotates around | F4: Axis dir | G4: X (mm) | H4: Y (mm) | I4: Z (mm) | J4: Note
A5: J1 | B5: Base | C5: MG996R | D5: base_link | E5: Vertical | F5: Y | G5: 0 | H5: 11.27 | I5: 18.18 | J5: Line x=0, z=18.18
A6: J2 | B6: Shoulder | C6: MG996R | D6: base_link_upper | E6: Horizontal | F6: Z | G6: -23.15 | H6: 59.72 | I6: 21.08 | J6: Z irrelevant (axis runs along Z)
A7: J3 | B7: Elbow | C7: MG996R | D7: arm_link_1 | E7: Horizontal | F7: Z | G7: -23.14 | H7: 172.84 | I7: 14.18 | J7: Z irrelevant
A8: J4 | B8: Wrist roll | C8: SG92R | D8: arm_link_2 | E8: Along the arm | F8: Y | G8: -23.14 | H8: 269.09 | I8: 33.43 | J8: Y irrelevant (axis runs along Y). CAD joint name: Wrist Roll
A9: J5 | B9: Wrist pitch | C9: SG92R | D9: arm_link_3 | E9: Horizontal | F9: Z | G9: -23.14 | H9: 299.24 | I9: 19.08 | J9: Z irrelevant. CAD joint name: Wrist Pitch
A10: J6 | B10: Gripper | C10: SG92R | D10: gripper_base | E10: Opens/closes jaws | F10: X | G10: -13.05 | H10: 324.32 | I10: 43.65 | J10: Not part of IK chain
A12: Reference points
A13: Item | G13: X (mm) | H13: Y (mm) | I13: Z (mm) | J13: Note
A14: Table surface | H14: -34.5 | J14: base_plate bottom (base_plate added in ARM_ASSEMBLY v24). Was -30.5 without plate
A15: Left jaw tip | H15: 409.12 | J15: gripper_part_left max Y at file-open pose. Moves 403-409 with jaw opening
A16: Right jaw tip | H16: 407.12 | J16: gripper_part_right max Y at file-open pose. Moves 403-409 with jaw opening
A17: Jaw midplane | I17: 27.7 | J17: Midway between jaw inner faces. Checked at gear -10/0/10/20 deg: 27.6-28.1 every time, so Z does not depend on jaw opening.
A18: Jaw thickness centre | G18: -10.14 | J18: Jaws span X -16.64 .. -3.64 at the tip, centre -10.14
A19: Object centre (grip point) - CAD, file-open jaw pose | G19: -10.14 | H19: =AVERAGE(H15:H16)-'IK Lengths'!B11 -> 404.62 | I19: 27.7 | J19: CAD only. Y = file-open jaw tips avg - 3.5; NOT the measured grip position. X/Z are pose-independent. FK uses FK Geometry!D10 (103.5) for the along-tool distance.
A21: Object (block) size
A22: Width, between jaws (Z) | H22: 25 | J22: Measured. Jaw gap at tip in CAD pose (gear 20 deg) = 26.7, so 25 fits
A23: Height, across jaw thickness (X) | H23: 15
A24: Length, along the tool axis (Y) | H24: 15

Sheet IK Lengths
A1: Link lengths for inverse kinematics (formulas from the Axes sheet)
A3: From -> to | B3: Value (mm) | C3: Meaning | D3: Formula basis
A4: Table -> J2 (shoulder height) | B4: =Axes!H6-Axes!H14 -> 94.22 | C4: Height of shoulder axis above table | D4: J2.Y - table.Y
A5: J1 -> J2 forward offset | B5: =ABS(Axes!G6-Axes!G5) -> 23.15 | C5: Shoulder pivot sits off the base axis in the reach direction (-X) | D5: |J2.X - J1.X|
A6: J1 -> arm sideways offset | B6: =ABS(Axes!I8-Axes!I5) -> 15.25 | C6: Whole arm runs to the side of the base axis | D6: |J4.Z - J1.Z|
A7: J2 -> J3 (upper arm) | B7: =Axes!H7-Axes!H6 -> 113.12 | C7: Upper arm | D7: J3.Y - J2.Y
A8: J3 -> J5 (forearm) | B8: =Axes!H9-Axes!H7 -> 126.4 | C8: Forearm; J4 roll axis lies on this line | D8: J5.Y - J3.Y
A9: J5 -> jaw tip | B9: =AVERAGE(Axes!H15:H16)-Axes!H9 -> 108.88 | C9: Wrist pitch axis to jaw tip | D9: avg(jaw tips) - J5.Y
A10: J5 -> grip point (tool length) | B10: =B9-B11 -> 105.38 | C10: CAD-only tool length for comparison. Use FK Geometry!D10 for the measured-derived tool length (103.5). | D10: J5->tip - grip offset
A11: Grip point back from jaw tip (mm) | B11: 3.5 | C11: Confirmed: block centre 3.5 mm back from the jaw tip
A13: Base angle with sideways offset
A14: theta1 = atan2(y, x) - asin(d / r), where d = sideways offset (B6) and r = horizontal distance from base axis to target
A15: Axes J2, J3, J5 are parallel. J4 crosses the J3 and J5 axes. Roll (J4) comes before pitch (J5) in the chain.
A16: J5 -> object centre, along tool | B16: =Axes!H19-Axes!H9 -> 105.38 | C16: CAD only. Tip Y moves with jaw opening, so this is a cross-check, not the value to use | D16: obj.Y - J5.Y
A17: Object centre offset across J5 axis (X) | B17: =Axes!G19-Axes!G9 -> 13 | C17: Sideways from the wrist line in the pitch plane | D17: obj.X - J5.X
A18: Object centre offset from roll axis (Z) | B18: =Axes!I19-Axes!I8 -> -5.73 | C18: Off the J4 roll axis, perpendicular to pitch plane | D18: obj.Z - J4.Z
A20: Note: object-centre X/Z offsets are measured with J4 = J5 = 0. They rotate with the wrist, so FK must apply them in the J5 frame, not as fixed world offsets.

Sheet Real Arm Check
A1: Check CAD against the printed arm (arm straight up, measure screw centre to screw centre)
A2: Fill the yellow column. Flag shows CHECK when the difference is over the tolerance.
A3: Tolerance (mm) | B3: 2
A5: Measurement | B5: CAD (mm) | C5: Real (mm) | D5: Diff (mm) | E5: Flag
A6: Floor -> stand -> J2 shoulder screw centre | B6: ='IK Lengths'!B4 -> 94.22 | C6: 94 | D6: =IF(C6="","",C6-B6) -> -0.22 | E6: =IF(C6="","",IF(ABS(D6)>$B$3,"CHECK","OK")) -> OK
A7: J2 Shoulder → J3 Elbow screw center | B7: ='IK Lengths'!B7 -> 113.12 | C7: 114 | D7: =IF(C7="","",C7-B7) -> 0.88 | E7: =IF(C7="","",IF(ABS(D7)>$B$3,"CHECK","OK")) -> OK
A8: J3 Elbow → J5 Wrist pitch screw center | B8: ='IK Lengths'!B8 -> 126.4 | C8: 127 | D8: =IF(C8="","",C8-B8) -> 0.6 | E8: =IF(C8="","",IF(ABS(D8)>$B$3,"CHECK","OK")) -> OK
A9: J5 Wrist pitch → jaw tip | B9: ='IK Lengths'!B9 -> 108.88 | C9: 107 | D9: =IF(C9="","",C9-B9) -> -1.88 | E9: =IF(C9="","",IF(ABS(D9)>$B$3,"CHECK","OK")) -> OK
A10: J5 Wrist pitch -> object centre (DERIVED: 107 - 3.5) | B10: ='IK Lengths'!B16 -> 105.38 | C10: ='FK Geometry'!C10 -> 103.5 | D10: =IF(C10="","",C10-B10) -> -1.88 | E10: =IF(C10="","",IF(ABS(D10)>$B$3,"CHECK","OK")) -> OK

Sheet Method & Notes
A1: How it was measured
A2: 1. All 13 revolute joints in ARM_ASSEMBLY set to 0 deg (as-built pose, arm straight up). Pose not saved.
A3: 2. For each servo, the horn hub cylinder was found (MG996R round horn hub dia 9.0; SG92R two-arm horn hub dia 6.9). Its centre line = the servo rotation axis.
A4: 3. Distances measured between those axis lines in the Fusion frame (Y up). Table = base_plate bottom, Y = -34.5.
A6: Things to check
A7: - PWM table in the guide says J4 = wrist pitch (PD13), J5 = rotation (PD14). In CAD the servo in arm_link_2 (first in the chain) is the ROLL. Swap labels in firmware or wire to match.
A8: - The 15.3 mm sideways offset changes the base angle: theta1 = atan2(y,x) - asin(d/r).
A9: - CAD lengths are within about 1 mm of the print. Larger real-world errors come from servo zero offsets (calibration table) and arm sag / gear backlash.
A10: - Object centre: X/Z from jaw geometry in CAD (jaw thickness centre, jaw midplane). Y depends on how deep the block sits in the jaws.
A11: - Jaw tips in CAD move with the gear angle: tips Y 403.2-405.0 at gear 20 deg, 406.0-407.3 at 10 deg, 408.0-408.7 at 0 deg, 409.1-409.4 at -10 deg (closed). The 409.12/407.12 values came from the file-open state. Tool length therefore uses the ruler measurement.
A12: - Jaw midplane Z stays 27.6-28.1 at every jaw opening -> 27.7 used. The 29.6-29.8 value is the gear-pivot midplane, not the jaw faces.
A13: - Shoulder height (CONDITIONAL): CAD 94.22 is J2 axis above base_plate bottom (Y -34.5). The comparison with the 94 ruler value holds only if the ruler started at the surface the plate sits on.

Sheet FK Geometry
A1: Geometry for FK, CAD vs measured. Pick the "Use" column in code.
A3: Parameter | B3: CAD (mm) | C3: Measured (mm) | D3: Use (mm) | E3: Source of Use | F3: Note
A4: Floor -> J2 height | B4: ='IK Lengths'!B4 -> 94.22 | C4: 94 | D4: =IF(AND(E4="measured",C4<>""),C4,B4) -> 94 | E4: measured | F4: Includes base_plate
A5: J1 -> J2 forward offset | B5: ='IK Lengths'!B5 -> 23.15 | D5: =IF(AND(E5="measured",C5<>""),C5,B5) -> 23.15 | E5: CAD | F5: Not measurable easily on the real arm
A6: J1 -> arm sideways offset | B6: ='IK Lengths'!B6 -> 15.25 | D6: =IF(AND(E6="measured",C6<>""),C6,B6) -> 15.25 | E6: CAD
A7: J2 -> J3 upper arm | B7: ='IK Lengths'!B7 -> 113.12 | C7: 114 | D7: =IF(AND(E7="measured",C7<>""),C7,B7) -> 114 | E7: measured
A8: J3 -> J5 forearm | B8: ='IK Lengths'!B8 -> 126.4 | C8: 127 | D8: =IF(AND(E8="measured",C8<>""),C8,B8) -> 127 | E8: measured | F8: J4 roll sits on this line
A9: J5 -> jaw tip | B9: ='IK Lengths'!B9 -> 108.88 | C9: 107 | D9: =IF(AND(E9="measured",C9<>""),C9,B9) -> 107 | E9: measured
A10: J5 -> object centre (along tool) | B10: ='IK Lengths'!B16 -> 105.38 | C10: =IF(C9="","",C9-'IK Lengths'!B11) -> 103.5 | D10: =IF(AND(E10="measured",C10<>""),C10,B10) -> 103.5 | E10: measured | F10: Derived: measured J5->tip 107 minus 3.5 centre setback (not a direct measurement)
A11: Object offset X (in J5 frame) | B11: ='IK Lengths'!B17 -> 13 | D11: =IF(AND(E11="measured",C11<>""),C11,B11) -> 13 | E11: CAD
A12: Object offset Z (from roll axis) | B12: ='IK Lengths'!B18 -> -5.73 | D12: =IF(AND(E12="measured",C12<>""),C12,B12) -> -5.73 | E12: CAD | F12: CAD jaw midplane 27.7 - roll axis 33.43
A14: Use column: takes Measured only when Source = "measured" AND the Measured cell is filled; otherwise falls back to CAD.
