Workbook

Sheet Axes
A1: Servo rotation axes - ARM_ASSEMBLY, all joints at 0 deg (arm straight up)
A2: Fusion frame: Y = up, units mm. Blue = CAD value, green = measured on the real arm, black = formula. Point = centre of the horn hub on the axis.
A4: Joint | B4: Name | C4: Servo | D4: Mounted in | E4: Rotates around | F4: Axis dir | G4: X (mm) | H4: Y (mm) | I4: Z (mm) | J4: Note
A5: J1 | B5: Base | C5: MG996R | D5: base_link | E5: Vertical | F5: Y | G5: 0 | H5: 11.27 | I5: 18.18 | J5: Line x=0, z=18.18
A6: J2 | B6: Shoulder | C6: MG996R | D6: base_link_upper | E6: Horizontal | F6: Z | G6: -23.15 | H6: 59.72 | I6: 21.08 | J6: Z irrelevant (axis runs along Z)
A7: J3 | B7: Elbow | C7: MG996R | D7: arm_link_1 | E7: Horizontal | F7: Z | G7: -23.14 | H7: 172.84 | I7: 14.18 | J7: Z irrelevant
A8: J4 | B8: Wrist roll | C8: SG92R | D8: arm_link_2 | E8: Along the arm | F8: Y | G8: -23.14 | H8: 269.09 | I8: 33.43 | J8: Y irrelevant (axis runs along Y). CAD joint name: Wrist Roll
A9: J5 | B9: Wrist pitch | C9: SG92R | D9: arm_link_3 | E9: Horizontal | F9: Z | G9: -23.14 | H9: 299.24 | I9: 19.08 | J9: Z irrelevant. CAD joint name: Wrist Pitch
A10: J6 | B10: Gripper | C10: SG92R | D10: gripper_base | E10: Opens/closes jaws | F10: X | G10: -13.05 | H10: 324.32 | I10: 43.65 | J10: Not part of IK chain
A12: Reference points
A13: Item | H13: Y (mm) | J13: Note
A14: Table surface | H14: -34.5 | J14: Floor/table = base_plate bottom (4 mm plate under base_link, ARM_ASSEMBLY v24)
A15: Left jaw tip | H15: 409.12 | J15: Lopsided CAD pose (left jaw 27.5 deg, right 35 deg). Reference only - use row 36
A16: Right jaw tip | H16: 407.12 | J16: Same - reference only
A18: Gripper geometry (CAD, from gear and jaw pivot holes)
A19: Item | G19: X (mm) | H19: Y (mm) | I19: Z (mm) | J19: Note
A20: Gear pivot left (servo gear) | G20: -7.14 | H20: 324.32 | I20: 43.65 | J20: Gripper Gear Left joint, axis X
A21: Gear pivot right (idler gear) | G21: -13.64 | H21: 324.32 | I21: 15.89 | J21: Gripper Gear Right joint, axis X
A22: Gear arm: gear pivot -> jaw pivot | H22: 31.1 | J22: Both gears 31.10 (radius, mm)
A23: Jaw tip above jaw pivot | H23: 57.27 | J23: Jaw parts are identical; jaws stay parallel (4-bar)
A24: Pinch point above jaw pivot | H24: 52.24 | J24: Closest point between jaws, about 5 mm below tip
A25: Pinch inset, both jaws total | I25: 33.26 | J25: Pinch points sit 17.10 + 16.16 inboard of jaw pivots
A26: Jaw thickness span (X) | G26: -16.64 | J26: to -3.64; centre = -10.14
A27: Jaw mirror-plane correction | I27: -0.27 | J27: Jaw part offset vs gear midplane (centroid check)
A29: Object held in the gripper (straight-up pose)
A30: Item | G30: X (mm) | H30: Y (mm) | I30: Z (mm) | J30: Note
A31: Object size (real) | G31: 25 | H31: 15 | I31: 25 | J31: 25 x 25 x 15 block. H = height along the tool (15). Jaws squeeze a 25 side
A32: Width squeezed by jaws | G32: =G31 -> 25 | J32: mm between the jaws
A33: Jaw tip -> object near face | H33: 3.5 | J33: Measured: object sits 3.5 mm behind the jaw tips, toward J5
A34: Jaw opening angle (deg) | G34: =DEGREES(ASIN((G32-(I20-I21)+I25)/(2*H22))) -> 29.363832 | J34: Gear angle from straight up when holding this width (both jaws even)
A35: Jaw tip Y at this width | H35: =H20+H22*COS(RADIANS(G34))+H23 -> 408.69438 | J35: Tip height when jaws close on the object
A36: OBJECT CENTRE (tool point) | G36: =(G26+(-3.64))/2 -> -10.14 | H36: =H35-H33-H31/2 -> 397.69438 | I36: =(I20+I21)/2+I27 -> 29.5 | J36: Use this point for FK/IK. Not the J5 point.

Sheet IK Lengths
A1: Link lengths for inverse kinematics (formulas from the Axes sheet)
A3: From -> to | B3: Value (mm) | C3: Meaning | D3: Formula basis
A4: Floor -> J2 (shoulder height) | B4: =Axes!H6-Axes!H14 -> 94.22 | C4: Shoulder axis above floor, incl. base_plate | D4: J2.Y - table.Y
A5: J1 -> J2 forward offset | B5: =ABS(Axes!G6-Axes!G5) -> 23.15 | C5: Shoulder pivot sits off the base axis in the reach direction (-X) | D5: |J2.X - J1.X|
A6: J1 -> arm sideways offset | B6: =ABS(Axes!I8-Axes!I5) -> 15.25 | C6: Whole arm runs to the side of the base axis | D6: |J4.Z - J1.Z|
A7: J2 -> J3 (upper arm) | B7: =Axes!H7-Axes!H6 -> 113.12 | C7: Upper arm | D7: J3.Y - J2.Y
A8: J3 -> J5 (forearm) | B8: =Axes!H9-Axes!H7 -> 126.4 | C8: Forearm; J4 roll axis lies on this line | D8: J5.Y - J3.Y
A9: J5 -> jaw tip (holding object) | B9: =Axes!H35-Axes!H9 -> 109.45438 | C9: Tip at 25 mm jaw opening | D9: tip.Y - J5.Y
A10: J5 -> object centre, along arm (tool length) | B10: =Axes!H36-Axes!H9 -> 98.454382 | C10: Tool length in IK | D10: obj.Y - J5.Y
A11: Jaw tip -> object near face | B11: =Axes!H33 -> 3.5 | C11: Edit on Axes!H33 | D11: measured
A13: Object centre offsets (3D, straight-up pose)
A14: From -> to | B14: Value (mm) | C14: Meaning | D14: Formula basis
A15: J5 -> object, across arm (X) | B15: =Axes!G36-Axes!G9 -> 13 | C15: Object sits forward of the arm line | D15: obj.X - J5.X
A16: J4 roll axis -> object (X) | B16: =Axes!G36-Axes!G8 -> 13 | C16: Roll swings the object around | D16: obj.X - J4.X
A17: J4 roll axis -> object (Z) | B17: =Axes!I36-Axes!I8 -> -3.93 | D17: obj.Z - J4.Z
A18: Roll swing radius | B18: =SQRT(B16^2+B17^2) -> 13.581049 | C18: Object circle radius when J4 turns | D18: sqrt(dX^2+dZ^2)
A19: J1 base axis -> object (Z) | B19: =Axes!I36-Axes!I5 -> 11.32 | C19: Sideways offset of the object | D19: obj.Z - J1.Z
A21: Base angle with sideways offset
A22: theta1 = atan2(y, x) - asin(d / r), d = sideways offset (B6 for wrist centre), r = horizontal distance from base axis to target
A23: Axes J2, J3, J5 are parallel (Z). J4 roll axis (Y) lies on the forearm line. Roll (J4) comes before pitch (J5).

Sheet Real Arm Check
A1: Check CAD against the printed arm (arm straight up, measure screw centre to screw centre)
A2: Fill the yellow column. Flag shows CHECK when the difference is over the tolerance.
A3: Tolerance (mm) | B3: 2
A5: Measurement | B5: CAD (mm) | C5: Real (mm) | D5: Diff (mm) | E5: Flag
A6: Floor -> J2 Shoulder (floor + stand + J2) | B6: ='IK Lengths'!B4 -> 94.22 | C6: 94 | D6: =IF(C6="","",C6-B6) -> -0.22 | E6: =IF(C6="","",IF(ABS(D6)>$B$3,"CHECK","OK")) -> OK
A7: J2 Shoulder → J3 Elbow screw center | B7: ='IK Lengths'!B7 -> 113.12 | C7: 114 | D7: =IF(C7="","",C7-B7) -> 0.88 | E7: =IF(C7="","",IF(ABS(D7)>$B$3,"CHECK","OK")) -> OK
A8: J3 Elbow → J5 Wrist pitch screw center | B8: ='IK Lengths'!B8 -> 126.4 | C8: 127 | D8: =IF(C8="","",C8-B8) -> 0.6 | E8: =IF(C8="","",IF(ABS(D8)>$B$3,"CHECK","OK")) -> OK
A9: J5 Wrist pitch -> jaw tip (holding 25 mm) | B9: ='IK Lengths'!B9 -> 109.45438 | C9: 107 | D9: =IF(C9="","",C9-B9) -> -2.4543816 | E9: =IF(C9="","",IF(ABS(D9)>$B$3,"CHECK","OK")) -> CHECK
A11: Jaw tip height depends on jaw opening: wider open = lower tip. Measure J5 -> tip with the 25 mm object held.

Sheet Method & Notes
A1: How it was measured
A2: 1. All 13 revolute joints in ARM_ASSEMBLY set to 0 deg (as-built pose, arm straight up). Pose not saved.
A3: 2. For each servo, the horn hub cylinder was found (MG996R round horn hub dia 9.0; SG92R two-arm horn hub dia 6.9). Its centre line = the servo rotation axis.
A4: 3. Distances measured between those axis lines in the Fusion frame (Y up, floor at Y = -34.5 with base_plate).
A6: Things to check
A7: - PWM table in the guide says J4 = wrist pitch (PD13), J5 = rotation (PD14). In CAD the servo in arm_link_2 (first in the chain) is the ROLL. Swap labels in firmware or wire to match.
A8: - The 15.3 mm sideways offset changes the base angle: theta1 = atan2(y,x) - asin(d/r).
A9: - CAD lengths are within about 1 mm of the print. Larger real-world errors come from servo zero offsets (calibration table) and arm sag / gear backlash.
A12: Object centre (Oct 26)
A13: - X: middle of the jaw thickness (both jaws span X -16.64..-3.64).
A14: - Z: mirror plane of the jaws = midpoint of the two gear pivots (43.65, 15.89) with -0.27 jaw correction.
A15: - Y: jaw tip height at 25 mm opening (from gear arm 31.10 and jaw tip 57.27) minus 3.5 mm (measured) minus half of 15 mm.
... A17: - The object is 13.0 mm off the J4 roll axis in X and -3.9 mm in Z. FK must carry this 3D offset; a single tool length is not enough.

Sheet FK
A1: Forward kinematics data: J1 -> J2 -> J3 -> J4 roll -> J5 pitch -> object centre
A2: Frame = Fusion CAD frame (Y up, mm). Zero pose = straight up. Positive angle = right-hand rule about the axis direction listed.
A4: Joint | B4: Axis dir | C4: Point X | D4: Point Y | E4: Point Z | F4: Source | G4: Note
A5: J1 base | B5: +Y | C5: =Axes!G5 -> 0 | E5: =Axes!I5 -> 18.18 | F5: CAD | G5: Y of point unused
A6: J2 shoulder | B6: +Z | C6: =Axes!G6 -> -23.15 | D6: =Axes!H6 -> 59.72 | F6: CAD | G6: Z unused
A7: J3 elbow | B7: +Z | C7: =Axes!G7 -> -23.14 | D7: =Axes!H7 -> 172.84 | F7: CAD | G7: Z unused
A8: J4 wrist roll | B8: +Y | C8: =Axes!G8 -> -23.14 | E8: =Axes!I8 -> 33.43 | F8: CAD | G8: Rotates with J1..J3
A9: J5 wrist pitch | B9: +Z | C9: =Axes!G9 -> -23.14 | D9: =Axes!H9 -> 299.24 | F9: CAD | G9: Axis turns with J4 (roll first)
A10: Tool point (object centre) | C10: =Axes!G36 -> -10.14 | D10: =Axes!H36 -> 397.69438 | E10: =Axes!I36 -> 29.5 | F10: CAD + measured | G10: X,Z CAD; Y uses measured 3.5 mm depth
A12: Length | B12: CAD (mm) | C12: Measured (mm) | D12: Use in FK | E12: Note
A13: Floor -> J2 height | B13: ='IK Lengths'!B4 -> 94.22 | C13: 94 | D13: Measured | E13: Measured matches CAD (0.2 mm)
A14: J1 -> J2 forward | B14: ='IK Lengths'!B5 -> 23.15 | D14: CAD | E14: Not measurable on the real arm easily
A15: J2 -> J3 | B15: ='IK Lengths'!B7 -> 113.12 | C15: ='Real Arm Check'!C7 -> 114 | D15: CAD
A16: J3 -> J5 | B16: ='IK Lengths'!B8 -> 126.4 | C16: ='Real Arm Check'!C8 -> 127 | D16: CAD
A17: J5 -> object (along) | B17: ='IK Lengths'!B10 -> 98.454382 | D17: CAD + measured | E17: Uses the 3.5 mm depth
A18: J5 -> object (across, X) | B18: ='IK Lengths'!B15 -> 13 | D18: CAD
A19: J1 -> object (sideways, Z) | B19: ='IK Lengths'!B19 -> 11.32 | D19: CAD
A21: Test vectors - expected object centre for your FK code (computed outside Excel with the CAD values above)
A22: th1 | B22: th2 | C22: th3 | D22: th4 | E22: th5 | F22: X (mm) | G22: Y (mm) | H22: Z (mm) | I22: What it checks
A23: 0 | B23: 0 | C23: 0 | D23: 0 | E23: 0 | F23: -10.14 | G23: 397.69 | H23: 29.5 | I23: Zero pose = object centre
A24: 90 | B24: 0 | C24: 0 | D24: 0 | E24: 0 | F24: 11.32 | G24: 397.69 | H24: 28.32 | I24: Base turn: Y unchanged, swings around x=0,z=18.18
A25: 0 | B25: 30 | C25: 0 | D25: 0 | E25: 0 | F25: -180.87 | G25: 358.92 | H25: 29.5 | I25: Shoulder +30: leans toward -X
A26: 0 | B26: 0 | C26: 30 | D26: 0 | E26: 0 | F26: -124.31 | G26: 374.07 | H26: 29.5 | I26: Elbow +30
A27: 0 | B27: 0 | C27: 0 | D27: 90 | E27: 0 | F27: -27.07 | G27: 397.69 | H27: 20.43 | I27: Roll only: Y unchanged, circle r=13.6 around roll axis
A28: 0 | B28: 0 | C28: 0 | D28: 0 | E28: 30 | F28: -61.11 | G28: 391 | H28: 29.5 | I28: Pitch only
A29: 0 | B29: 0 | C29: 0 | D29: 90 | E29: 30 | F29: -27.07 | G29: 391 | H29: 71.4 | I29: Roll then pitch: pitch now swings in Z
A30: 30 | B30: -45 | C30: 60 | D30: 90 | E30: -30 | F30: -22.66 | G30: 336.86 | H30: -20.97 | I30: Mixed 1
A31: -45 | B31: 20 | C31: -30 | D31: -60 | E31: 45 | F31: -9.58 | G31: 372.77 | H31: -46.62 | I31: Mixed 2
A33: Object point used: X -10.14, Y 397.69, Z 29.50. If Axes!H33 changes, rerun fk_reference.py.
